Zip4J,NIO,7162230442,696667
Zip4j,NIO,7158472714,708259
Zip4J,NIO,7154218686,696618
Zip4J,NIO,7140154928,702546
Zip4j,NIO,7125635285,695971
Zip4J,NIO,7154091456,693568
Zip4j,NIO,7141279227,696956
Zip4J,NIO,7133437894,701919
Zip4j,NIO,7108597696,691573
Zip4J,NIO,7160324815,699846
Zip4J,NIO,7126011020,694599
Zip4J,NIO,7190988194,692120
Zip4J,NIO,7110474016,691931
Zip4j,NIO,7456925758,718116
Zip4J,NIO,7152078062,697724
Zip4J,NIO,7127861034,695675
Zip4j,NIO,7113583558,696685
Zip4J,NIO,7196410664,709357
Zip4J,NIO,7167478680,693901
Zip4J,NIO,7123806169,696814
Zip4j,NIO,7228781018,702186
Zip4J,NIO,7198477712,708357
Zip4J,NIO,7112176127,696988
Zip4J,NIO,7176695808,696597
Zip4J,NIO,7127490136,691399
Zip4j,NIO,7210126682,700588
Zip4J,NIO,7175443689,698500
Zip4J,NIO,7150878706,703744
Zip4j,NIO,7149222033,698143
Zip4J,NIO,7114823936,696973
Zip4j,BufferedInputStream,7457573096,727174
Zip4J,BufferedInputStream,7147406170,697296
Zip4J,BufferedInputStream,7154869970,701049
Zip4J,BufferedInputStream,7188808938,696004
Zip4j,BufferedInputStream,7131943400,698351
Zip4j,BufferedInputStream,7199814112,701147
Zip4J,BufferedInputStream,7145330065,699879
Zip4J,BufferedInputStream,7172958074,697694
Zip4J,BufferedInputStream,7115740931,701189
Zip4J,BufferedInputStream,7130670266,696698
Zip4J,BufferedInputStream,7169368973,697142
Zip4J,BufferedInputStream,7127822347,699475
Zip4J,BufferedInputStream,7126036851,695494
Zip4j,BufferedInputStream,7142464893,697021
Zip4j,BufferedInputStream,7218062565,700639
Zip4J,BufferedInputStream,7148620538,703467
Zip4J,BufferedInputStream,7199758397,694040
Zip4J,BufferedInputStream,7196496554,702706
Zip4j,BufferedInputStream,7100151342,693363
Zip4J,BufferedInputStream,7189832476,695204
Zip4j,BufferedInputStream,7200245838,700195
Zip4J,BufferedInputStream,7192926110,703263
Zip4J,BufferedInputStream,7183927064,704916
Zip4j,BufferedInputStream,7160905398,701055
Zip4J,BufferedInputStream,7191961321,695167
Zip4J,BufferedInputStream,7180687067,699948
Zip4J,BufferedInputStream,7189763090,699620
Zip4j,BufferedInputStream,7085735973,693953
Zip4J,BufferedInputStream,7181893392,704313
Zip4J,BufferedInputStream,7155675268,698192
Zip4J,Channel,6486497826,633481
Zip4J,Channel,6459946526,638839
Zip4j,Channel,6527680761,642133
Zip4J,Channel,6438467164,637978
Zip4J,Channel,6392729608,636941
Zip4J,Channel,6471978739,638916
Zip4j,Channel,6424620539,636438
Zip4J,Channel,6381187148,635520
Zip4J,Channel,6481346754,639017
Zip4J,Channel,6484073462,637925
Zip4j,Channel,6480062475,642041
Zip4J,Channel,6462334155,638387
Zip4J,Channel,6472439722,633331
Zip4j,Channel,6472024368,641726
Zip4J,Channel,6380561971,633781
Zip4j,Channel,6370816825,635222
Zip4J,Channel,6424717717,637059
Zip4J,Channel,6456520873,639109
Zip4J,Channel,6452277327,634410
Zip4j,Channel,6304781877,629739
Zip4J,Channel,6391341199,637761
Zip4J,Channel,6469615180,639609
Zip4j,Channel,6407944826,635401
Zip4J,Channel,6461726106,632233
Zip4J,Channel,6463191427,633784
Zip4j,Channel,6463756792,639118
Zip4J,Channel,6458381879,635587
Zip4J,Channel,6474001269,632136
Zip4j,Channel,6424478547,633479
Zip4J,Channel,6536143366,642296
Zip4J,Default,6574841723,649193
Zip4j,Default,6643018699,658517
Zip4J,Default,6629838852,649109
Zip4j,Default,6600147227,650504
Zip4J,Default,6593639853,654057
Zip4J,Default,6580720011,652578
Zip4j,Default,6555565371,645956
Zip4J,Default,6624673318,655764
Zip4j,Default,6590073339,652562
Zip4J,Default,6597199240,661702
Zip4J,Default,6572361845,655593
Zip4J,Default,6620393009,656916
Zip4J,Default,6540496437,652966
Zip4j,Default,6594555872,650547
Zip4J,Default,6586338846,657336
Zip4j,Default,6478281939,643955
Zip4J,Default,6539425037,653504
Zip4J,Default,6570652206,656083
Zip4J,Default,6552360868,656427
Zip4j,Default,6595048119,651004
Zip4J,Default,6592836736,661444
Zip4J,Default,6530577286,657562
Zip4J,Default,6552066568,652150
Zip4j,Default,6542613146,638721
Zip4J,Default,6619107199,659976
Zip4J,Default,6561964421,659333
Zip4J,Default,6545476706,658564
Zip4j,Default,6547706566,646826
Zip4J,Default,6549921719,653468
Zip4J,Default,6564741462,652343
Zip4J,FileReader,7014909579,686648
Zip4J,FileReader,6896135775,686010
Zip4j,FileReader,6903940505,697125
Zip4J,FileReader,6995712280,685320
Zip4J,FileReader,6958497086,686311
Zip4j,FileReader,6959224320,674512
Zip4J,FileReader,6865185034,679059
Zip4J,FileReader,6966151873,687961
Zip4J,FileReader,6957708834,685766
Zip4J,FileReader,6922015034,674029
Zip4J,FileReader,6959986795,685594
Zip4j,FileReader,7024808700,685368
Zip4J,FileReader,7020217364,685222
Zip4J,FileReader,6945631042,682884
Zip4j,FileReader,6910123071,675293
Zip4J,FileReader,6865934520,691436
Zip4J,FileReader,6999471472,691803
Zip4J,FileReader,6993481774,686049
Zip4J,FileReader,6939017839,682873
Zip4j,FileReader,6882532855,677357
Zip4j,FileReader,6904427068,678187
Zip4J,FileReader,6948591235,682663
Zip4J,FileReader,6896829111,684974
Zip4J,FileReader,6990455555,683736
Zip4j,FileReader,7000971166,681017
Zip4J,FileReader,7010439958,687446
Zip4J,FileReader,6872660303,679769
Zip4j,FileReader,6840455351,675102
Zip4j,FileReader,7054560027,683985
Zip4J,FileReader,7017096070,678108
